ID,Name,StudyHours,Attendance,Marks,Grade,Result,Performance_Score,Performance_Level
1,Student_1,4.4,96,59.5,E,Pass,59.43,Average
2,Student_2,9.6,61,60.0,D,Pass,50.22,Average
3,Student_3,7.6,65,80.2,B,Pass,61.120000000000005,Average
4,Student_4,6.4,73,99.6,A,Pass,72.97999999999999,Good
5,Student_5,2.4,68,79.7,C,Pass,60.73,Average
6,Student_6,2.4,57,73.5,C,Pass,54.32999999999999,Average
7,Student_7,1.5,80,83.8,B,Pass,66.2,Average
8,Student_8,8.8,70,67.9,D,Pass,56.71,Average
9,Student_9,6.4,66,43.6,E,Pass,42.88,Poor
10,Student_10,7.4,72,73.7,C,Pass,59.93,Average
11,Student_11,1.2,86,97.5,A,Pass,74.78999999999999,Good
12,Student_12,9.7,65,50.5,E,Pass,46.69,Poor
13,Student_13,8.5,55,69.99137749737118,D,Pass,53.19568874868559,Average
14,Student_14,2.9,57,52.1,E,Pass,43.73,Poor
15,Student_15,2.6,74,72.1,C,Pass,58.77,Average
16,Student_16,2.7,67,45.8,E,Pass,43.54,Poor
17,Student_17,3.7,74,67.0,D,Pass,56.440000000000005,Average
18,Student_18,5.7,61,85.4,B,Pass,62.14,Average
19,Student_19,4.9,64,60.9,D,Pass,50.629999999999995,Average
20,Student_20,3.6,75,79.9,C,Pass,63.17,Average
21,Student_21,6.5,90,87.7,B,Pass,72.14999999999999,Good
22,Student_22,2.3,94,95.6,A,Pass,76.46,Good
23,Student_23,3.6,75,69.99137749737118,D,Pass,58.21568874868559,Average
24,Student_24,4.3,96,64.0,D,Pass,61.66,Average
25,Student_25,5.1,81,49.1,E,Pass,49.870000000000005,Poor
26,Student_26,8.1,59,99.5,A,Pass,69.07000000000001,Average
27,Student_27,2.8,65,95.6,A,Pass,67.86,Average
28,Student_28,5.6,56,72.4,C,Pass,54.12,Average
29,Student_29,6.3,66,90.5,A,Pass,66.31,Average
30,Student_30,1.4,72,71.3,C,Pass,57.53,Average
31,Student_31,6.5,75,77.4,C,Pass,62.5,Average
32,Student_32,2.5,70,45.3,E,Pass,44.15,Poor
33,Student_33,1.6,71,85.3,B,Pass,64.27,Average
34,Student_34,9.5,56,47.7,E,Pass,42.550000000000004,Poor
35,Student_35,9.7,63,89.6,B,Pass,65.64,Average
36,Student_36,8.3,64,86.9,B,Pass,64.31,Average
37,Student_37,3.7,56,82.5,B,Pass,58.79,Average
38,Student_38,1.9,58,42.2,E,Pass,38.88,Poor
39,Student_39,7.2,100,58.2,E,Pass,60.54,Average
40,Student_40,5.0,97,55.8,E,Pass,58.0,Average
41,Student_41,2.1,57,61.6,D,Pass,48.32,Poor
42,Student_42,5.5,99,45.3,E,Pass,53.449999999999996,Average
43,Student_43,1.3,72,96.2,A,Pass,69.96000000000001,Average
44,Student_44,9.2,78,73.2,C,Pass,61.84,Average
45,Student_45,3.3,67,58.3,E,Pass,49.91,Poor
46,Student_46,7.0,80,63.8,D,Pass,57.3,Average
47,Student_47,3.8,79,66.8,D,Pass,57.85999999999999,Average
48,Student_48,5.7,88,76.0,C,Pass,65.54,Average
49,Student_49,5.9,84,70.9,C,Pass,61.830000000000005,Average
50,Student_50,2.7,67,95.2,A,Pass,68.24000000000001,Average
51,Student_51,9.7,91,69.8,D,Pass,64.14,Average
52,Student_52,8.0,88,99.5,A,Pass,77.75,Good
53,Student_53,9.5,66,91.1,A,Pass,67.25,Average
54,Student_54,9.1,63,52.5,E,Pass,46.97,Poor
55,Student_55,6.4,80,95.8,A,Pass,73.18,Good
56,Student_56,9.3,73,47.0,E,Pass,47.26,Poor
57,Student_57,1.8,84,89.0,B,Pass,70.06,Good
58,Student_58,2.8,93,62.8,D,Pass,59.86,Average
59,Student_59,1.4,94,92.7,A,Pass,74.83,Good
60,Student_60,3.9,83,92.1,A,Pass,71.72999999999999,Good
61,Student_61,4.5,52,88.4,B,Pass,60.7,Average
62,Student_62,3.4,86,87.4,B,Pass,70.18,Good
63,Student_63,8.5,92,58.3,E,Pass,58.45,Average
64,Student_64,4.2,89,44.9,E,Pass,49.99,Poor
65,Student_65,3.5,75,64.2,D,Pass,55.300000000000004,Average
66,Student_66,5.9,72,50.4,E,Pass,47.98,Poor
67,Student_67,2.3,93,81.7,B,Pass,69.21,Average
68,Student_68,8.2,88,60.8,D,Pass,58.44,Average
69,Student_69,1.7,64,98.5,A,Pass,68.79,Average
70,Student_70,9.9,98,78.5,C,Pass,70.63000000000001,Good
71,Student_71,8.0,53,89.3,B,Pass,62.15,Average
72,Student_72,2.8,78,48.0,E,Pass,47.96,Poor
73,Student_73,1.0,71,91.7,A,Pass,67.35000000000001,Average
74,Student_74,8.3,74,95.4,A,Pass,71.56,Good
75,Student_75,7.4,62,69.2,D,Pass,54.68,Average
76,Student_76,7.6,67,76.4,C,Pass,59.82,Average
77,Student_77,7.9,82,85.9,B,Pass,69.13,Average
78,Student_78,1.7,65,50.5,E,Pass,45.09,Poor
79,Student_79,4.2,94,70.2,C,Pass,64.14,Average
80,Student_80,2.0,91,63.9,D,Pass,59.65,Average
81,Student_81,8.8,93,48.8,E,Pass,54.059999999999995,Average
82,Student_82,6.6,51,62.1,D,Pass,47.67,Poor
83,Student_83,4.0,84,69.99137749737118,D,Pass,60.99568874868558,Average
84,Student_84,1.6,91,41.5,E,Pass,48.37,Poor
85,Student_85,3.8,83,48.1,E,Pass,49.71,Poor
86,Student_86,3.9,79,97.8,A,Pass,73.38,Good
87,Student_87,7.6,62,73.0,C,Pass,56.62,Average
88,Student_88,6.7,62,97.9,A,Pass,68.89,Average
89,Student_89,9.0,67,65.9,D,Pass,54.849999999999994,Average
90,Student_90,5.2,81,58.7,E,Pass,54.690000000000005,Average
91,Student_91,2.1,81,70.4,C,Pass,59.92,Average
92,Student_92,7.4,84,66.4,D,Pass,59.88,Average
93,Student_93,7.8,88,46.3,E,Pass,51.11,Average
94,Student_94,6.1,95,78.4,C,Pass,68.92,Average
95,Student_95,7.9,78,53.0,E,Pass,51.48,Average
96,Student_96,5.4,98,77.2,C,Pass,69.08,Average
97,Student_97,5.7,78,79.0,C,Pass,64.03999999999999,Average
98,Student_98,4.8,93,49.1,E,Pass,53.410000000000004,Average
99,Student_99,1.2,65,43.7,E,Pass,41.59,Poor
100,Student_100,2.0,93,86.8,B,Pass,71.7,Good
101,Student_101,1.3,96,69.99137749737118,D,Pass,64.05568874868558,Average
102,Student_102,6.7,59,43.5,E,Pass,40.790000000000006,Poor
103,Student_103,3.8,79,99.7,A,Pass,74.31,Good
104,Student_104,5.6,74,43.5,E,Pass,45.07,Poor
105,Student_105,9.2,88,81.7,B,Pass,69.09,Average
106,Student_106,3.2,69,99.0,A,Pass,70.84,Good
107,Student_107,4.7,54,54.4,E,Pass,44.339999999999996,Poor
108,Student_108,7.8,50,48.5,E,Pass,40.81,Poor
109,Student_109,3.1,79,47.3,E,Pass,47.96999999999999,Poor
110,Student_110,1.7,98,58.2,E,Pass,58.84,Average
111,Student_111,3.6,52,46.1,E,Pass,39.37,Poor
112,Student_112,2.5,94,81.5,B,Pass,69.45,Average
113,Student_113,9.4,63,43.7,E,Pass,42.63,Poor
114,Student_114,8.3,79,70.6,C,Pass,60.66,Average
115,Student_115,6.7,99,99.8,A,Pass,80.94,Good
116,Student_116,8.8,53,88.8,B,Pass,62.059999999999995,Average
117,Student_117,8.2,67,76.9,C,Pass,60.19,Average
118,Student_118,2.7,86,58.4,E,Pass,55.54,Average
119,Student_119,9.0,74,77.4,C,Pass,62.7,Average
120,Student_120,5.9,97,71.6,C,Pass,66.08,Average
121,Student_121,8.3,50,65.6,D,Pass,49.459999999999994,Poor
122,Student_122,9.1,95,47.8,E,Pass,54.22,Average
123,Student_123,3.9,64,93.2,A,Pass,66.58,Average
124,Student_124,2.0,58,67.0,D,Pass,51.3,Average
125,Student_125,3.1,64,51.7,E,Pass,45.669999999999995,Poor
126,Student_126,4.8,98,62.1,D,Pass,61.410000000000004,Average
127,Student_127,8.4,73,64.8,D,Pass,55.98,Average
128,Student_128,8.7,53,89.7,B,Pass,62.49,Average
129,Student_129,1.1,61,84.0,B,Pass,60.519999999999996,Average
130,Student_130,5.6,86,86.2,B,Pass,70.02000000000001,Good
131,Student_131,4.8,86,40.7,E,Pass,47.11000000000001,Poor
132,Student_132,3.0,92,65.0,D,Pass,60.699999999999996,Average
133,Student_133,2.1,55,68.9,D,Pass,51.370000000000005,Average
134,Student_134,4.0,88,41.2,E,Pass,47.8,Poor
135,Student_135,9.5,95,55.6,E,Pass,58.199999999999996,Average
136,Student_136,3.9,73,85.6,B,Pass,65.47999999999999,Average
137,Student_137,5.7,60,69.99137749737118,D,Pass,54.13568874868559,Average
138,Student_138,7.3,62,72.1,C,Pass,56.10999999999999,Average
139,Student_139,4.3,83,52.9,E,Pass,52.209999999999994,Average
140,Student_140,9.7,74,40.7,E,Pass,44.489999999999995,Poor
141,Student_141,9.7,56,69.99137749737118,D,Pass,53.73568874868559,Average
142,Student_142,3.3,53,98.6,A,Pass,65.85999999999999,Average
143,Student_143,5.5,57,88.1,B,Pass,62.24999999999999,Average
144,Student_144,3.7,69,97.6,A,Pass,70.24,Good
145,Student_145,3.6,78,69.3,D,Pass,58.769999999999996,Average
146,Student_146,1.3,100,46.6,E,Pass,53.559999999999995,Average
147,Student_147,6.5,94,72.9,C,Pass,65.95,Average
148,Student_148,5.5,95,67.3,D,Pass,63.25,Average
149,Student_149,1.5,59,90.7,A,Pass,63.349999999999994,Average
150,Student_150,3.5,92,45.9,E,Pass,51.25,Average
151,Student_151,9.2,83,69.3,D,Pass,61.39,Average
152,Student_152,3.2,75,49.0,E,Pass,47.64,Poor
153,Student_153,2.3,90,59.5,E,Pass,57.21,Average
154,Student_154,5.4,98,84.2,B,Pass,72.58,Good
155,Student_155,9.9,52,68.6,D,Pass,51.879999999999995,Average
156,Student_156,3.2,55,62.6,D,Pass,48.44,Poor
157,Student_157,7.0,54,69.99137749737118,D,Pass,52.59568874868558,Average
158,Student_158,7.9,54,67.6,D,Pass,51.58,Average
159,Student_159,3.1,96,87.1,B,Pass,72.97,Good
160,Student_160,7.6,72,93.5,A,Pass,69.86999999999999,Average
161,Student_161,4.3,98,97.3,A,Pass,78.91,Good
162,Student_162,6.7,58,87.2,B,Pass,62.34,Average
163,Student_163,6.7,84,58.9,E,Pass,55.99,Average
164,Student_164,5.8,69,81.3,B,Pass,62.50999999999999,Average
165,Student_165,1.8,98,66.3,D,Pass,62.91,Average
166,Student_166,8.5,91,55.3,E,Pass,56.650000000000006,Average
167,Student_167,3.9,84,90.5,A,Pass,71.23,Good
168,Student_168,2.7,99,42.3,E,Pass,51.38999999999999,Average
169,Student_169,1.4,67,94.1,A,Pass,67.42999999999999,Average
170,Student_170,6.3,66,67.7,D,Pass,54.910000000000004,Average
171,Student_171,7.1,73,78.2,C,Pass,62.42,Average
172,Student_172,1.1,52,79.6,C,Pass,55.62,Average
173,Student_173,5.6,81,93.7,A,Pass,72.27000000000001,Good
174,Student_174,3.0,84,78.2,C,Pass,64.89999999999999,Average
175,Student_175,6.8,87,69.99137749737118,D,Pass,62.45568874868559,Average
176,Student_176,2.6,62,44.0,E,Pass,41.12,Poor
177,Student_177,7.2,96,69.99137749737118,D,Pass,65.23568874868559,Average
178,Student_178,4.5,74,49.0,E,Pass,47.6,Poor
179,Student_179,9.4,58,84.2,B,Pass,61.38,Average
180,Student_180,2.2,53,70.7,C,Pass,51.69,Average
181,Student_181,4.1,63,80.8,B,Pass,60.12,Average
182,Student_182,2.0,86,42.5,E,Pass,47.449999999999996,Poor
183,Student_183,9.3,83,45.1,E,Pass,49.31,Poor
184,Student_184,8.9,60,83.0,B,Pass,61.28,Average
185,Student_185,3.3,90,44.3,E,Pass,49.809999999999995,Poor
186,Student_186,6.9,52,44.3,E,Pass,39.13,Poor
187,Student_187,8.4,77,40.7,E,Pass,45.13,Poor
188,Student_188,6.0,78,97.4,A,Pass,73.3,Good
189,Student_189,5.8,58,84.3,B,Pass,60.709999999999994,Average
190,Student_190,3.2,52,61.2,D,Pass,46.84,Poor
191,Student_191,1.8,74,57.8,E,Pass,51.459999999999994,Average
192,Student_192,9.1,83,61.0,D,Pass,57.22,Average
193,Student_193,9.1,61,86.5,B,Pass,63.37,Average
194,Student_194,6.7,91,79.7,C,Pass,68.49000000000001,Average
195,Student_195,4.1,58,51.1,E,Pass,43.77,Poor
196,Student_196,4.1,64,50.4,E,Pass,45.22,Poor
197,Student_197,7.5,89,45.9,E,Pass,51.15,Average
198,Student_198,9.1,74,69.99137749737118,D,Pass,59.015688748685584,Average
199,Student_199,9.0,54,85.9,B,Pass,60.95,Average
200,Student_200,8.0,60,55.9,E,Pass,47.550000000000004,Poor
201,Student_201,6.8,83,41.3,E,Pass,46.91,Poor
202,Student_202,1.8,73,44.9,E,Pass,44.709999999999994,Poor
203,Student_203,2.5,64,98.1,A,Pass,68.75,Average
204,Student_204,9.1,87,57.7,E,Pass,56.77,Average
205,Student_205,6.5,57,86.2,B,Pass,61.5,Average
206,Student_206,1.1,54,77.5,C,Pass,55.17,Average
207,Student_207,1.9,97,62.9,D,Pass,60.93,Average
208,Student_208,7.0,75,52.3,E,Pass,50.05,Average
209,Student_209,1.0,67,47.3,E,Pass,43.95,Poor
210,Student_210,2.4,55,76.9,C,Pass,55.43,Average
211,Student_211,5.9,86,86.5,B,Pass,70.23,Good
212,Student_212,7.2,97,78.6,C,Pass,69.83999999999999,Average
213,Student_213,6.9,62,71.8,C,Pass,55.88,Average
214,Student_214,3.0,77,42.5,E,Pass,44.949999999999996,Poor
215,Student_215,7.4,54,98.1,A,Pass,66.73,Average
216,Student_216,3.1,62,87.9,B,Pass,63.169999999999995,Average
217,Student_217,3.9,66,57.6,E,Pass,49.38,Poor
218,Student_218,7.7,99,69.99137749737118,D,Pass,66.23568874868559,Average
219,Student_219,6.8,89,76.1,C,Pass,66.11,Average
220,Student_220,8.6,94,74.9,C,Pass,67.37,Average
221,Student_221,6.9,81,84.9,B,Pass,68.13,Average
222,Student_222,6.1,78,88.7,B,Pass,68.97,Average
223,Student_223,1.8,100,79.4,C,Pass,70.06,Good
224,Student_224,4.3,52,47.7,E,Pass,40.31,Poor
225,Student_225,3.4,89,60.3,D,Pass,57.529999999999994,Average
226,Student_226,3.2,83,95.7,A,Pass,73.39,Good
227,Student_227,9.8,89,53.5,E,Pass,55.410000000000004,Average
228,Student_228,4.5,76,62.3,D,Pass,54.85,Average
229,Student_229,9.0,62,65.9,D,Pass,53.349999999999994,Average
230,Student_230,6.7,94,66.4,D,Pass,62.74000000000001,Average
231,Student_231,8.2,82,76.8,C,Pass,64.64,Average
232,Student_232,5.5,55,96.6,A,Pass,65.89999999999999,Average
233,Student_233,6.2,73,54.4,E,Pass,50.339999999999996,Average
234,Student_234,5.4,68,47.3,E,Pass,45.129999999999995,Poor
235,Student_235,2.8,65,69.99137749737118,D,Pass,55.05568874868559,Average
236,Student_236,7.5,89,93.2,A,Pass,74.8,Good
237,Student_237,3.5,77,78.7,C,Pass,63.150000000000006,Average
238,Student_238,1.2,82,57.2,E,Pass,53.440000000000005,Average
239,Student_239,6.8,97,89.0,B,Pass,74.96,Good
240,Student_240,2.6,90,91.7,A,Pass,73.36999999999999,Good
241,Student_241,9.5,62,90.8,A,Pass,65.9,Average
242,Student_242,9.6,92,95.1,A,Pass,77.07,Good
243,Student_243,9.2,94,55.1,E,Pass,57.59,Average
244,Student_244,4.3,74,85.3,B,Pass,65.71,Average
245,Student_245,1.1,91,67.6,D,Pass,61.31999999999999,Average
246,Student_246,9.4,85,90.5,A,Pass,72.63,Good
247,Student_247,4.9,76,83.7,B,Pass,65.63000000000001,Average
248,Student_248,9.7,87,86.6,B,Pass,71.33999999999999,Good
249,Student_249,9.7,56,79.4,C,Pass,58.44,Average
250,Student_250,8.7,54,50.6,E,Pass,43.24,Poor
251,Student_251,3.7,92,72.7,C,Pass,64.69,Average
252,Student_252,4.5,94,99.1,A,Pass,78.65,Good
253,Student_253,8.7,100,96.2,A,Pass,79.83999999999999,Good
254,Student_254,3.9,80,42.6,E,Pass,46.08,Poor
255,Student_255,2.5,72,49.9,E,Pass,47.05,Poor
256,Student_256,6.0,91,47.9,E,Pass,52.45,Average
257,Student_257,9.4,59,83.6,B,Pass,61.38,Average
258,Student_258,7.3,81,89.1,B,Pass,70.30999999999999,Good
259,Student_259,6.1,92,52.8,E,Pass,55.22,Average
260,Student_260,1.9,79,70.4,C,Pass,59.28000000000001,Average
261,Student_261,6.5,88,90.4,A,Pass,72.89999999999999,Good
262,Student_262,9.9,80,84.0,B,Pass,67.98,Average
263,Student_263,2.3,67,72.5,C,Pass,56.809999999999995,Average
264,Student_264,5.7,85,75.4,C,Pass,64.34,Average
265,Student_265,8.9,51,70.5,C,Pass,52.33,Average
266,Student_266,7.7,63,57.9,E,Pass,49.38999999999999,Poor
267,Student_267,7.3,62,73.9,C,Pass,57.01,Average
268,Student_268,7.3,78,81.3,B,Pass,65.50999999999999,Average
269,Student_269,4.2,61,92.4,A,Pass,65.34,Average
270,Student_270,3.6,88,78.2,C,Pass,66.22,Average
271,Student_271,8.3,51,85.7,B,Pass,59.81,Average
272,Student_272,8.3,81,49.6,E,Pass,50.760000000000005,Average
273,Student_273,8.8,62,67.7,D,Pass,54.21,Average
274,Student_274,9.2,95,40.6,E,Pass,50.64,Average
275,Student_275,5.6,76,54.8,E,Pass,51.32,Average
276,Student_276,5.5,98,83.6,B,Pass,72.29999999999998,Good
277,Student_277,8.2,90,99.5,A,Pass,78.39,Good
278,Student_278,6.8,66,46.0,E,Pass,44.16,Poor
279,Student_279,7.3,89,64.1,D,Pass,60.21,Average
280,Student_280,8.2,80,88.0,B,Pass,69.64,Average
281,Student_281,9.0,83,52.2,E,Pass,52.8,Average
282,Student_282,4.0,73,73.3,C,Pass,59.349999999999994,Average
283,Student_283,4.4,94,84.0,B,Pass,71.08,Good
284,Student_284,1.8,84,77.0,C,Pass,64.06,Average
285,Student_285,6.2,97,51.3,E,Pass,55.99,Average
286,Student_286,1.3,55,61.3,D,Pass,47.41,Poor
287,Student_287,5.2,68,87.0,B,Pass,64.94,Average
288,Student_288,5.9,79,73.3,C,Pass,61.529999999999994,Average
289,Student_289,3.6,56,40.3,E,Pass,37.67,Poor
290,Student_290,6.3,59,85.7,B,Pass,61.809999999999995,Average
291,Student_291,1.3,90,42.1,E,Pass,48.309999999999995,Poor
292,Student_292,1.3,81,84.7,B,Pass,66.91000000000001,Average
293,Student_293,8.4,83,52.1,E,Pass,52.63,Average
294,Student_294,4.2,77,97.5,A,Pass,72.69,Good
295,Student_295,2.1,64,62.1,D,Pass,50.67,Average
296,Student_296,5.7,79,59.6,E,Pass,54.64,Average
297,Student_297,7.9,86,48.9,E,Pass,51.83,Average
298,Student_298,2.9,78,58.3,E,Pass,53.129999999999995,Average
299,Student_299,6.6,71,92.6,A,Pass,68.91999999999999,Average
300,Student_300,1.8,53,99.8,A,Pass,66.16,Average
301,Student_301,1.5,69,62.1,D,Pass,52.05,Average
302,Student_302,5.8,81,66.9,D,Pass,58.91,Average
303,Student_303,5.9,85,83.3,B,Pass,68.33000000000001,Average
304,Student_304,6.7,99,93.2,A,Pass,77.64,Good
305,Student_305,7.5,53,75.6,C,Pass,55.199999999999996,Average
306,Student_306,9.8,76,63.5,D,Pass,56.51,Average
307,Student_307,5.6,66,64.8,D,Pass,53.32,Average
308,Student_308,3.9,61,81.7,B,Pass,59.93000000000001,Average
309,Student_309,8.2,71,40.2,E,Pass,43.040000000000006,Poor
310,Student_310,3.4,66,77.2,C,Pass,59.080000000000005,Average
311,Student_311,5.0,59,61.3,D,Pass,49.349999999999994,Poor
312,Student_312,1.7,50,87.7,B,Pass,59.190000000000005,Average
313,Student_313,1.2,71,45.6,E,Pass,44.34,Poor
314,Student_314,9.7,75,75.3,C,Pass,62.089999999999996,Average
315,Student_315,8.5,67,68.9,D,Pass,56.25,Average
316,Student_316,7.3,99,78.5,C,Pass,70.41,Good
317,Student_317,4.7,63,43.9,E,Pass,41.78999999999999,Poor
318,Student_318,2.6,96,74.8,C,Pass,66.71999999999998,Average
319,Student_319,2.4,78,73.7,C,Pass,60.73,Average
320,Student_320,3.3,61,73.6,C,Pass,55.75999999999999,Average
321,Student_321,5.9,85,76.2,C,Pass,64.78,Average
322,Student_322,7.4,84,80.6,B,Pass,66.98,Average
323,Student_323,6.9,61,88.3,B,Pass,63.830000000000005,Average
324,Student_324,3.5,56,56.2,E,Pass,45.60000000000001,Poor
325,Student_325,9.6,78,89.5,B,Pass,70.07000000000001,Good
326,Student_326,7.6,60,69.9,D,Pass,54.470000000000006,Average
327,Student_327,6.0,82,44.6,E,Pass,48.1,Poor
328,Student_328,6.5,55,43.5,E,Pass,39.55,Poor
329,Student_329,4.8,96,60.1,D,Pass,59.809999999999995,Average
330,Student_330,3.2,64,87.1,B,Pass,63.39,Average
331,Student_331,4.2,81,82.5,B,Pass,66.39,Average
332,Student_332,7.8,100,87.3,B,Pass,75.21000000000001,Good
333,Student_333,1.1,60,71.0,C,Pass,53.72,Average
334,Student_334,2.0,72,66.4,D,Pass,55.199999999999996,Average
335,Student_335,1.4,75,48.8,E,Pass,47.18,Poor
336,Student_336,1.4,83,59.7,E,Pass,55.03,Average
337,Student_337,8.7,95,66.0,D,Pass,63.24,Average
338,Student_338,7.3,83,45.3,E,Pass,49.01,Poor
339,Student_339,5.3,78,53.2,E,Pass,51.06,Average
340,Student_340,1.9,53,75.9,C,Pass,54.230000000000004,Average
341,Student_341,5.4,66,84.1,B,Pass,62.92999999999999,Average
342,Student_342,5.3,84,99.9,A,Pass,76.21000000000001,Good
343,Student_343,2.6,62,96.0,A,Pass,67.11999999999999,Average
344,Student_344,4.9,90,78.6,C,Pass,67.28,Average
345,Student_345,4.6,88,65.3,D,Pass,59.97,Average
346,Student_346,6.5,64,78.2,C,Pass,59.599999999999994,Average
347,Student_347,6.7,78,87.1,B,Pass,68.28999999999999,Average
348,Student_348,1.4,78,47.1,E,Pass,47.230000000000004,Poor
349,Student_349,4.4,60,64.6,D,Pass,51.18,Average
350,Student_350,6.6,81,90.4,A,Pass,70.82,Good
351,Student_351,5.5,51,63.0,D,Pass,47.9,Poor
352,Student_352,8.7,96,74.3,C,Pass,67.68999999999998,Average
353,Student_353,6.9,63,75.3,C,Pass,57.93,Average
354,Student_354,2.5,69,51.1,E,Pass,46.75,Poor
355,Student_355,1.6,71,61.7,D,Pass,52.470000000000006,Average
356,Student_356,6.8,60,60.1,D,Pass,49.41,Poor
357,Student_357,1.2,76,41.6,E,Pass,43.84,Poor
358,Student_358,6.3,52,41.5,E,Pass,37.61,Poor
359,Student_359,9.5,66,89.9,B,Pass,66.65,Average
360,Student_360,6.2,93,56.4,E,Pass,57.339999999999996,Average
361,Student_361,4.5,77,71.1,C,Pass,59.54999999999999,Average
362,Student_362,6.8,78,57.9,E,Pass,53.709999999999994,Average
363,Student_363,5.1,70,96.4,A,Pass,70.22,Good
364,Student_364,5.9,96,55.6,E,Pass,57.779999999999994,Average
365,Student_365,9.5,65,65.8,D,Pass,54.3,Average
366,Student_366,4.5,86,92.4,A,Pass,72.9,Good
367,Student_367,9.7,69,90.5,A,Pass,67.89,Average
368,Student_368,9.1,55,51.2,E,Pass,43.92,Poor
369,Student_369,2.8,68,88.2,B,Pass,65.06,Average
370,Student_370,1.6,54,67.5,D,Pass,50.27,Average
371,Student_371,1.9,52,69.0,D,Pass,50.480000000000004,Average
372,Student_372,1.2,50,48.0,E,Pass,39.24,Poor
373,Student_373,1.8,87,44.8,E,Pass,48.86,Poor
374,Student_374,7.1,64,83.7,B,Pass,62.47,Average
375,Student_375,1.6,83,69.8,D,Pass,60.12,Average
376,Student_376,3.9,84,66.2,D,Pass,59.08,Average
377,Student_377,8.6,98,83.8,B,Pass,73.02,Good
378,Student_378,1.2,74,85.9,B,Pass,65.39,Average
379,Student_379,8.3,73,49.5,E,Pass,48.31,Poor
380,Student_380,3.5,61,76.6,C,Pass,57.3,Average
381,Student_381,2.1,67,48.1,E,Pass,44.57,Poor
382,Student_382,7.3,64,85.1,B,Pass,63.21,Average
383,Student_383,6.7,93,79.4,C,Pass,68.94,Average
384,Student_384,8.9,65,97.4,A,Pass,69.98,Average
385,Student_385,7.6,76,44.1,E,Pass,46.370000000000005,Poor
386,Student_386,8.2,57,43.4,E,Pass,40.44,Poor
387,Student_387,3.5,95,56.9,E,Pass,57.650000000000006,Average
388,Student_388,2.6,74,55.7,E,Pass,50.57,Average
389,Student_389,7.8,66,54.8,E,Pass,48.760000000000005,Poor
390,Student_390,8.3,78,94.4,A,Pass,72.25999999999999,Good
391,Student_391,9.9,57,55.0,E,Pass,46.57999999999999,Poor
392,Student_392,4.7,64,56.3,E,Pass,48.28999999999999,Poor
393,Student_393,4.3,76,85.6,B,Pass,66.46,Average
394,Student_394,8.0,95,67.0,D,Pass,63.6,Average
395,Student_395,4.1,99,86.6,B,Pass,73.82,Good
396,Student_396,9.4,56,43.9,E,Pass,40.63,Poor
397,Student_397,8.7,52,69.3,D,Pass,51.99,Average
398,Student_398,4.9,78,42.0,E,Pass,45.379999999999995,Poor
399,Student_399,7.8,93,43.8,E,Pass,51.36,Average
400,Student_400,7.8,73,94.4,A,Pass,70.66,Good
401,Student_401,1.9,52,69.99137749737118,D,Pass,50.97568874868559,Average
402,Student_402,9.1,69,71.9,C,Pass,58.470000000000006,Average
403,Student_403,5.5,95,64.7,D,Pass,61.95,Average
404,Student_404,8.4,64,60.8,D,Pass,51.279999999999994,Average
405,Student_405,3.9,74,94.0,A,Pass,69.98,Average
406,Student_406,9.1,79,41.3,E,Pass,46.169999999999995,Poor
407,Student_407,4.5,63,79.8,C,Pass,59.699999999999996,Average
408,Student_408,1.1,56,97.8,A,Pass,65.92,Average
409,Student_409,9.1,66,73.6,C,Pass,58.419999999999995,Average
410,Student_410,1.8,93,96.2,A,Pass,76.36,Good
411,Student_411,3.9,69,43.1,E,Pass,43.03,Poor
412,Student_412,9.6,85,65.1,D,Pass,59.97,Average
413,Student_413,9.6,58,55.6,E,Pass,47.120000000000005,Poor
414,Student_414,6.2,87,83.8,B,Pass,69.24,Average
415,Student_415,6.7,97,98.9,A,Pass,79.89,Good
416,Student_416,5.0,71,55.4,E,Pass,50.0,Average
417,Student_417,3.6,51,79.3,C,Pass,55.669999999999995,Average
418,Student_418,4.0,73,51.9,E,Pass,48.64999999999999,Poor
419,Student_419,7.1,57,73.9,C,Pass,55.47,Average
420,Student_420,7.8,60,67.8,D,Pass,53.46,Average
421,Student_421,8.1,62,69.99137749737118,D,Pass,55.21568874868559,Average
422,Student_422,8.1,66,76.5,C,Pass,59.669999999999995,Average
423,Student_423,1.8,57,61.0,D,Pass,47.959999999999994,Poor
424,Student_424,5.4,70,46.8,E,Pass,45.48,Poor
425,Student_425,1.5,67,49.1,E,Pass,44.949999999999996,Poor
426,Student_426,5.9,79,53.5,E,Pass,51.63,Average
427,Student_427,5.0,67,55.1,E,Pass,48.65,Poor
428,Student_428,9.0,95,69.99137749737118,D,Pass,65.29568874868559,Average
429,Student_429,4.2,96,73.7,C,Pass,66.49000000000001,Average
430,Student_430,2.1,80,71.4,C,Pass,60.120000000000005,Average
431,Student_431,2.3,87,46.9,E,Pass,50.01,Average
432,Student_432,7.9,81,91.6,A,Pass,71.67999999999999,Good
433,Student_433,6.6,60,83.4,B,Pass,61.02,Average
434,Student_434,1.9,94,44.1,E,Pass,50.63,Average
435,Student_435,1.8,74,82.5,B,Pass,63.81,Average
436,Student_436,7.3,82,72.6,C,Pass,62.35999999999999,Average
437,Student_437,1.7,87,44.9,E,Pass,48.89,Poor
438,Student_438,8.4,90,67.5,D,Pass,62.43,Average
439,Student_439,7.4,57,69.1,D,Pass,53.12999999999999,Average
440,Student_440,1.7,60,49.9,E,Pass,43.290000000000006,Poor
441,Student_441,1.8,71,96.7,A,Pass,70.01,Good
442,Student_442,9.9,100,91.0,A,Pass,77.48,Good
443,Student_443,4.4,73,80.1,B,Pass,62.83,Average
444,Student_444,4.3,90,67.7,D,Pass,61.71,Average
445,Student_445,8.3,66,64.7,D,Pass,53.81,Average
446,Student_446,9.5,61,79.1,C,Pass,59.74999999999999,Average
447,Student_447,9.9,95,72.7,C,Pass,66.83,Average
448,Student_448,7.8,81,43.7,E,Pass,47.71000000000001,Poor
449,Student_449,4.4,64,70.8,C,Pass,55.48,Average
450,Student_450,1.8,65,88.4,B,Pass,64.06,Average
451,Student_451,8.0,71,67.6,D,Pass,56.699999999999996,Average
452,Student_452,6.0,77,69.99137749737118,D,Pass,59.29568874868559,Average
453,Student_453,4.8,69,87.2,B,Pass,65.25999999999999,Average
454,Student_454,9.2,82,52.1,E,Pass,52.489999999999995,Average
455,Student_455,2.0,59,55.5,E,Pass,45.85,Poor
456,Student_456,5.4,89,49.9,E,Pass,52.73,Average
457,Student_457,1.1,81,59.8,E,Pass,54.42,Average
458,Student_458,5.2,99,85.4,B,Pass,73.44000000000001,Good
459,Student_459,1.5,82,71.2,C,Pass,60.5,Average
460,Student_460,2.1,51,52.3,E,Pass,41.87,Poor
461,Student_461,2.1,82,92.7,A,Pass,71.37,Good
462,Student_462,6.8,82,92.8,A,Pass,72.36,Good
463,Student_463,7.7,90,92.2,A,Pass,74.64,Good
464,Student_464,6.3,62,54.3,E,Pass,47.01,Poor
465,Student_465,9.7,79,67.1,D,Pass,59.19,Average
466,Student_466,4.4,82,99.1,A,Pass,75.02999999999999,Good
467,Student_467,3.6,62,86.3,B,Pass,62.47,Average
468,Student_468,8.8,75,41.6,E,Pass,45.059999999999995,Poor
469,Student_469,3.0,71,43.9,E,Pass,43.85,Poor
470,Student_470,9.7,88,67.8,D,Pass,62.239999999999995,Average
471,Student_471,1.1,51,69.99137749737118,D,Pass,50.515688748685584,Average
472,Student_472,9.7,87,72.3,C,Pass,64.19,Average
473,Student_473,1.4,88,69.9,D,Pass,61.63,Average
474,Student_474,9.0,75,46.3,E,Pass,47.449999999999996,Poor
475,Student_475,5.7,95,79.4,C,Pass,69.34,Average
476,Student_476,9.9,99,89.3,B,Pass,76.33,Good
477,Student_477,1.7,64,62.8,D,Pass,50.94,Average
478,Student_478,6.0,83,86.5,B,Pass,69.35000000000001,Average
479,Student_479,9.7,91,97.9,A,Pass,78.19,Good
480,Student_480,5.7,93,52.2,E,Pass,55.14,Average
481,Student_481,6.7,98,71.4,C,Pass,66.44,Average
482,Student_482,7.3,89,57.2,E,Pass,56.76,Average
483,Student_483,5.1,60,87.6,B,Pass,62.82,Average
484,Student_484,6.6,52,74.7,C,Pass,54.27,Average
485,Student_485,6.3,55,78.1,C,Pass,56.809999999999995,Average
486,Student_486,9.1,58,87.9,B,Pass,63.17,Average
487,Student_487,1.4,55,63.8,D,Pass,48.68,Poor
488,Student_488,3.5,58,94.9,A,Pass,65.55,Average
489,Student_489,9.6,88,72.0,C,Pass,64.32,Average
490,Student_490,9.0,80,49.5,E,Pass,50.55,Average
491,Student_491,5.1,81,81.8,B,Pass,66.22,Average
492,Student_492,6.6,90,87.6,B,Pass,72.11999999999999,Good
493,Student_493,3.5,99,59.0,E,Pass,59.900000000000006,Average
494,Student_494,2.7,61,91.4,A,Pass,64.54,Average
495,Student_495,5.2,57,94.4,A,Pass,65.34,Average
496,Student_496,4.2,57,56.6,E,Pass,46.24,Poor
497,Student_497,6.3,99,99.0,A,Pass,80.46000000000001,Good
498,Student_498,1.7,77,48.4,E,Pass,47.64,Poor
499,Student_499,9.8,69,52.1,E,Pass,48.71,Poor
500,Student_500,9.9,96,51.1,E,Pass,56.32999999999999,Average
501,Student_501,7.3,56,93.6,A,Pass,65.05999999999999,Average
502,Student_502,5.8,60,79.3,C,Pass,58.809999999999995,Average
503,Student_503,3.8,69,49.1,E,Pass,46.01,Poor
504,Student_504,8.3,65,66.4,D,Pass,54.36,Average
505,Student_505,7.2,53,76.9,C,Pass,55.79,Average
506,Student_506,2.5,55,45.0,E,Pass,39.5,Poor
507,Student_507,9.2,71,92.9,A,Pass,69.59,Average
508,Student_508,8.4,75,88.2,B,Pass,68.28,Average
509,Student_509,9.5,52,70.3,C,Pass,52.65,Average
510,Student_510,7.5,90,98.0,A,Pass,77.5,Good
511,Student_511,6.5,91,65.1,D,Pass,61.14999999999999,Average
512,Student_512,4.8,63,99.0,A,Pass,69.36,Average
513,Student_513,9.4,60,80.1,B,Pass,59.93,Average
514,Student_514,8.8,67,78.1,C,Pass,60.90999999999999,Average
515,Student_515,1.4,61,50.0,E,Pass,43.58,Poor
516,Student_516,1.2,72,92.9,A,Pass,68.28999999999999,Average
517,Student_517,4.4,61,65.6,D,Pass,51.98,Average
518,Student_518,8.3,62,49.7,E,Pass,45.11,Poor
519,Student_519,9.9,74,40.8,E,Pass,44.57999999999999,Poor
520,Student_520,2.4,94,73.6,C,Pass,65.48,Average
521,Student_521,6.3,100,71.6,C,Pass,67.06,Average
522,Student_522,4.4,68,83.2,B,Pass,62.88,Average
523,Student_523,9.7,95,69.99137749737118,D,Pass,65.43568874868559,Average
524,Student_524,8.6,85,44.8,E,Pass,49.62,Poor
525,Student_525,8.5,94,83.9,B,Pass,71.85000000000001,Good
526,Student_526,5.2,57,51.2,E,Pass,43.74,Poor
527,Student_527,4.7,78,91.5,A,Pass,70.09,Good
528,Student_528,3.5,81,89.1,B,Pass,69.55,Average
529,Student_529,1.5,100,72.4,C,Pass,66.5,Average
530,Student_530,8.8,93,82.6,B,Pass,70.96,Good
531,Student_531,8.3,67,58.9,E,Pass,51.209999999999994,Average
532,Student_532,10.0,55,68.3,D,Pass,52.65,Average
533,Student_533,10.0,67,89.3,B,Pass,66.75,Average
534,Student_534,6.0,68,67.6,D,Pass,55.4,Average
535,Student_535,7.9,71,61.5,D,Pass,53.629999999999995,Average
536,Student_536,9.5,86,69.99137749737118,D,Pass,62.69568874868559,Average
537,Student_537,8.6,81,89.7,B,Pass,70.87,Good
538,Student_538,3.2,90,60.1,D,Pass,57.69,Average
539,Student_539,5.1,52,50.4,E,Pass,41.82,Poor
540,Student_540,2.2,77,82.7,B,Pass,64.89,Average
541,Student_541,9.6,59,89.6,B,Pass,64.42,Average
542,Student_542,6.5,100,46.0,E,Pass,54.3,Average
543,Student_543,3.1,84,54.4,E,Pass,53.019999999999996,Average
544,Student_544,7.0,78,48.5,E,Pass,49.05,Poor
545,Student_545,6.6,64,60.9,D,Pass,50.97,Average
546,Student_546,4.2,82,67.0,D,Pass,58.94,Average
547,Student_547,2.0,56,84.9,B,Pass,59.65,Average
548,Student_548,7.0,61,79.1,C,Pass,59.24999999999999,Average
549,Student_549,5.7,98,77.3,C,Pass,69.19,Average
550,Student_550,8.0,79,61.1,D,Pass,55.85,Average
551,Student_551,5.7,70,90.5,A,Pass,67.39,Average
552,Student_552,8.7,80,68.3,D,Pass,59.89,Average
553,Student_553,6.0,73,98.7,A,Pass,72.45,Good
554,Student_554,6.0,69,78.0,C,Pass,60.900000000000006,Average
555,Student_555,8.9,86,47.6,E,Pass,51.38,Average
556,Student_556,4.6,53,80.6,B,Pass,57.12,Average
557,Student_557,2.2,77,59.5,E,Pass,53.28999999999999,Average
558,Student_558,1.3,93,81.2,B,Pass,68.76,Average
559,Student_559,7.8,69,44.2,E,Pass,44.36,Poor
560,Student_560,6.6,73,50.5,E,Pass,48.47,Poor
561,Student_561,7.3,99,91.3,A,Pass,76.80999999999999,Good
562,Student_562,2.9,98,53.6,E,Pass,56.78,Average
563,Student_563,2.2,100,90.2,A,Pass,75.53999999999999,Good
564,Student_564,1.1,81,56.8,E,Pass,52.92,Average
565,Student_565,4.2,90,78.6,C,Pass,67.14,Average
566,Student_566,6.3,85,81.6,B,Pass,67.56,Average
567,Student_567,4.5,83,70.8,C,Pass,61.199999999999996,Average
568,Student_568,4.9,85,69.99137749737118,D,Pass,61.475688748685585,Average
569,Student_569,9.1,51,52.8,E,Pass,43.519999999999996,Poor
570,Student_570,4.1,64,42.0,E,Pass,41.02,Poor
571,Student_571,5.6,83,58.2,E,Pass,55.12,Average
572,Student_572,8.1,85,79.2,C,Pass,66.72,Average
573,Student_573,4.6,55,96.3,A,Pass,65.57000000000001,Average
574,Student_574,6.6,88,92.3,A,Pass,73.86999999999999,Good
575,Student_575,8.8,91,86.0,B,Pass,72.06,Good
576,Student_576,9.5,100,87.3,B,Pass,75.55000000000001,Good
577,Student_577,2.3,100,69.99137749737118,D,Pass,65.45568874868557,Average
578,Student_578,9.3,61,55.6,E,Pass,47.96,Poor
579,Student_579,5.4,52,94.4,A,Pass,63.88,Average
580,Student_580,3.3,94,80.2,B,Pass,68.96,Average
581,Student_581,5.1,67,73.6,C,Pass,57.919999999999995,Average
582,Student_582,9.8,89,46.7,E,Pass,52.01,Average
583,Student_583,5.4,70,66.8,D,Pass,55.48,Average
584,Student_584,4.0,64,67.6,D,Pass,53.8,Average
585,Student_585,6.7,82,91.9,A,Pass,71.89,Good
586,Student_586,3.2,84,72.8,C,Pass,62.239999999999995,Average
587,Student_587,1.7,75,62.8,D,Pass,54.24,Average
588,Student_588,2.2,57,98.6,A,Pass,66.83999999999999,Average
589,Student_589,2.2,85,46.6,E,Pass,49.239999999999995,Poor
590,Student_590,2.4,97,65.4,D,Pass,62.279999999999994,Average
591,Student_591,2.2,79,42.5,E,Pass,45.39,Poor
592,Student_592,6.8,72,84.4,B,Pass,65.16,Average
593,Student_593,2.6,91,95.1,A,Pass,75.36999999999999,Good
594,Student_594,4.1,93,56.8,E,Pass,57.12,Average
595,Student_595,9.1,63,91.5,A,Pass,66.47,Average
596,Student_596,5.3,63,57.5,E,Pass,48.71,Poor
597,Student_597,7.0,51,94.6,A,Pass,63.99999999999999,Average
598,Student_598,2.6,86,85.2,B,Pass,68.92,Average
599,Student_599,2.7,54,88.3,B,Pass,60.88999999999999,Average
600,Student_600,1.4,87,41.1,E,Pass,46.93,Poor
601,Student_601,2.5,94,97.8,A,Pass,77.6,Good
602,Student_602,3.5,90,83.6,B,Pass,69.5,Average
603,Student_603,2.6,96,58.3,E,Pass,58.47,Average
604,Student_604,1.8,63,89.8,B,Pass,64.16,Average
605,Student_605,2.1,88,56.9,E,Pass,55.269999999999996,Average
606,Student_606,5.1,74,92.4,A,Pass,69.42,Average
607,Student_607,2.9,69,46.8,E,Pass,44.67999999999999,Poor
608,Student_608,4.3,51,82.2,B,Pass,57.26,Average
609,Student_609,5.5,88,72.4,C,Pass,63.7,Average
610,Student_610,7.2,55,45.8,E,Pass,40.839999999999996,Poor
611,Student_611,1.4,66,54.5,E,Pass,47.33,Poor
612,Student_612,8.2,74,69.99137749737118,D,Pass,58.835688748685584,Average
613,Student_613,6.7,77,68.1,D,Pass,58.489999999999995,Average
614,Student_614,1.7,51,58.1,E,Pass,44.690000000000005,Poor
615,Student_615,8.9,84,75.9,C,Pass,64.93,Average
616,Student_616,9.3,86,57.8,E,Pass,56.56,Average
617,Student_617,1.5,54,58.0,E,Pass,45.5,Poor
618,Student_618,3.5,50,84.6,B,Pass,58.0,Average
619,Student_619,8.3,89,69.99137749737118,D,Pass,63.35568874868558,Average
620,Student_620,7.7,61,94.2,A,Pass,66.94000000000001,Average
621,Student_621,2.7,85,91.1,A,Pass,71.59,Good
622,Student_622,2.9,94,80.1,B,Pass,68.83,Average
623,Student_623,4.3,72,75.6,C,Pass,60.25999999999999,Average
624,Student_624,5.4,96,69.99137749737118,D,Pass,64.87568874868559,Average
625,Student_625,6.6,80,51.1,E,Pass,50.87,Average
626,Student_626,4.3,60,44.7,E,Pass,41.21,Poor
627,Student_627,5.2,59,54.4,E,Pass,45.94,Poor
628,Student_628,7.7,52,87.7,B,Pass,60.99,Average
629,Student_629,1.3,63,42.1,E,Pass,40.21,Poor
630,Student_630,3.3,65,75.0,C,Pass,57.66,Average
631,Student_631,7.4,59,99.7,A,Pass,69.03,Average
632,Student_632,9.1,78,69.99137749737118,D,Pass,60.21568874868559,Average
633,Student_633,5.6,59,69.99137749737118,D,Pass,53.81568874868558,Average
634,Student_634,5.8,61,43.8,E,Pass,41.36,Poor
635,Student_635,2.0,79,89.9,B,Pass,69.05000000000001,Average
636,Student_636,5.0,90,75.9,C,Pass,65.95,Average
637,Student_637,5.8,50,46.9,E,Pass,39.61,Poor
638,Student_638,3.2,54,45.6,E,Pass,39.64,Poor
639,Student_639,3.4,69,94.6,A,Pass,68.68,Average
640,Student_640,4.4,57,80.2,B,Pass,58.080000000000005,Average
641,Student_641,1.2,92,89.8,B,Pass,72.74,Good
642,Student_642,3.9,61,92.7,A,Pass,65.43,Average
643,Student_643,2.9,50,74.3,C,Pass,52.73,Average
644,Student_644,3.9,69,71.0,C,Pass,56.980000000000004,Average
645,Student_645,2.1,77,65.8,D,Pass,56.42,Average
646,Student_646,9.0,92,59.0,E,Pass,58.89999999999999,Average
647,Student_647,6.3,86,66.1,D,Pass,60.10999999999999,Average
648,Student_648,7.1,96,86.4,B,Pass,73.42,Good
649,Student_649,8.1,86,76.1,C,Pass,65.47,Average
650,Student_650,5.5,61,93.6,A,Pass,66.19999999999999,Average
651,Student_651,1.8,86,69.99137749737118,D,Pass,61.15568874868559,Average
652,Student_652,5.8,98,76.4,C,Pass,68.75999999999999,Average
653,Student_653,6.3,98,77.9,C,Pass,69.61,Average
654,Student_654,7.7,93,75.5,C,Pass,67.19000000000001,Average
655,Student_655,4.9,77,82.2,B,Pass,65.18,Average
656,Student_656,2.1,96,54.2,E,Pass,56.32,Average
657,Student_657,3.6,64,70.7,C,Pass,55.269999999999996,Average
658,Student_658,4.3,55,46.3,E,Pass,40.51,Poor
659,Student_659,6.8,93,69.99137749737118,D,Pass,64.25568874868559,Average
660,Student_660,6.1,69,69.3,D,Pass,56.56999999999999,Average
661,Student_661,4.2,99,79.1,C,Pass,70.09,Good
662,Student_662,9.9,63,97.0,A,Pass,69.38000000000001,Average
663,Student_663,6.5,51,76.0,C,Pass,54.599999999999994,Average
664,Student_664,3.1,58,84.6,B,Pass,60.31999999999999,Average
665,Student_665,1.9,86,70.4,C,Pass,61.38,Average
666,Student_666,2.4,69,78.0,C,Pass,60.18,Average
667,Student_667,3.2,75,44.3,E,Pass,45.29,Poor
668,Student_668,2.4,78,69.99137749737118,D,Pass,58.87568874868558,Average
669,Student_669,2.7,50,61.7,D,Pass,46.39,Poor
670,Student_670,3.6,84,68.3,D,Pass,60.06999999999999,Average
671,Student_671,2.6,55,42.7,E,Pass,38.370000000000005,Poor
672,Student_672,9.1,86,48.4,E,Pass,51.82,Average
673,Student_673,1.7,54,56.6,E,Pass,44.84,Poor
674,Student_674,5.7,82,69.99137749737118,D,Pass,60.73568874868559,Average
675,Student_675,4.7,98,59.9,E,Pass,60.28999999999999,Average
676,Student_676,9.8,100,68.9,D,Pass,66.41,Average
677,Student_677,2.0,63,51.8,E,Pass,45.199999999999996,Poor
678,Student_678,4.6,61,76.6,C,Pass,57.519999999999996,Average
679,Student_679,9.7,91,56.8,E,Pass,57.64,Average
680,Student_680,8.8,69,52.4,E,Pass,48.66,Poor
681,Student_681,8.4,99,71.0,C,Pass,66.88000000000001,Average
682,Student_682,3.3,73,40.3,E,Pass,42.709999999999994,Poor
683,Student_683,2.5,92,40.5,E,Pass,48.349999999999994,Poor
684,Student_684,7.0,83,53.1,E,Pass,52.85,Average
685,Student_685,9.4,74,42.2,E,Pass,45.18,Poor
686,Student_686,6.0,99,46.5,E,Pass,54.150000000000006,Average
687,Student_687,6.1,78,60.3,D,Pass,54.769999999999996,Average
688,Student_688,3.5,88,88.2,B,Pass,71.2,Good
689,Student_689,7.9,80,74.3,C,Pass,62.73,Average
690,Student_690,2.7,96,70.8,C,Pass,64.74,Average
691,Student_691,3.9,92,69.99137749737118,D,Pass,63.37568874868559,Average
692,Student_692,4.8,99,95.9,A,Pass,78.61,Good
693,Student_693,5.6,72,63.8,D,Pass,54.62,Average
694,Student_694,3.2,93,45.2,E,Pass,51.14,Average
695,Student_695,2.0,87,77.0,C,Pass,65.0,Average
696,Student_696,6.5,69,46.8,E,Pass,45.39999999999999,Poor
697,Student_697,3.6,72,60.7,D,Pass,52.67,Average
698,Student_698,6.2,94,69.99137749737118,D,Pass,64.43568874868558,Average
699,Student_699,2.4,65,92.5,A,Pass,66.23,Average
700,Student_700,5.3,99,69.6,D,Pass,65.56,Average
701,Student_701,5.8,91,82.1,B,Pass,69.50999999999999,Average
702,Student_702,1.5,57,99.6,A,Pass,67.19999999999999,Average
703,Student_703,4.0,99,47.9,E,Pass,54.449999999999996,Average
704,Student_704,2.2,70,56.5,E,Pass,49.69,Poor
705,Student_705,1.6,50,63.7,D,Pass,47.17,Poor
706,Student_706,9.9,57,65.3,D,Pass,51.73,Average
707,Student_707,3.9,78,64.7,D,Pass,56.53,Average
708,Student_708,8.3,81,94.5,A,Pass,73.21,Good
709,Student_709,3.3,87,82.8,B,Pass,68.16,Average
710,Student_710,7.1,54,76.5,C,Pass,55.870000000000005,Average
711,Student_711,7.8,96,58.6,E,Pass,59.66,Average
712,Student_712,6.4,71,89.4,B,Pass,67.28,Average
713,Student_713,5.2,96,97.3,A,Pass,78.49,Good
714,Student_714,4.7,83,89.3,B,Pass,70.49,Good
715,Student_715,4.1,50,40.1,E,Pass,35.87,Poor
716,Student_716,9.4,75,78.2,C,Pass,63.480000000000004,Average
717,Student_717,8.5,92,43.1,E,Pass,50.85,Average
718,Student_718,9.7,59,55.5,E,Pass,47.39,Poor
719,Student_719,2.1,79,43.6,E,Pass,45.92,Poor
720,Student_720,7.6,99,76.2,C,Pass,69.32,Average
721,Student_721,9.4,67,81.2,B,Pass,62.580000000000005,Average
722,Student_722,2.6,66,46.9,E,Pass,43.77,Poor
723,Student_723,1.6,75,63.0,D,Pass,54.32,Average
724,Student_724,7.7,57,67.4,D,Pass,52.339999999999996,Average
725,Student_725,6.2,96,69.99137749737118,D,Pass,65.03568874868559,Average
726,Student_726,8.6,89,47.3,E,Pass,52.06999999999999,Average
727,Student_727,2.3,98,65.1,D,Pass,62.41,Average
728,Student_728,8.2,61,85.1,B,Pass,62.489999999999995,Average
729,Student_729,2.8,76,69.99137749737118,D,Pass,58.355688748685594,Average
730,Student_730,2.5,57,44.8,E,Pass,40.0,Poor
731,Student_731,2.5,74,61.3,D,Pass,53.349999999999994,Average
732,Student_732,8.3,95,96.5,A,Pass,78.41,Good
733,Student_733,7.0,53,80.1,B,Pass,57.349999999999994,Average
734,Student_734,5.7,82,80.7,B,Pass,66.09,Average
735,Student_735,4.2,50,61.7,D,Pass,46.690000000000005,Poor
736,Student_736,8.9,68,75.6,C,Pass,59.98,Average
737,Student_737,4.5,80,40.6,E,Pass,45.199999999999996,Poor
738,Student_738,8.3,65,78.2,C,Pass,60.260000000000005,Average
739,Student_739,5.0,63,94.8,A,Pass,67.3,Average
740,Student_740,4.4,97,76.8,C,Pass,68.38,Average
741,Student_741,5.2,54,92.4,A,Pass,63.440000000000005,Average
742,Student_742,3.7,90,83.4,B,Pass,69.44,Average
743,Student_743,7.7,75,47.2,E,Pass,47.64,Poor
744,Student_744,5.5,77,94.1,A,Pass,71.24999999999999,Good
745,Student_745,3.1,51,44.0,E,Pass,37.919999999999995,Poor
746,Student_746,9.1,99,72.0,C,Pass,67.52,Average
747,Student_747,4.5,55,48.5,E,Pass,41.65,Poor
748,Student_748,5.9,58,40.7,E,Pass,38.93,Poor
749,Student_749,9.2,82,65.3,D,Pass,59.09,Average
750,Student_750,6.6,90,57.7,E,Pass,57.17,Average
751,Student_751,2.1,74,69.2,D,Pass,57.22,Average
752,Student_752,9.5,97,74.6,C,Pass,68.3,Average
753,Student_753,6.6,62,42.6,E,Pass,41.22,Poor
754,Student_754,4.0,58,47.4,E,Pass,41.89999999999999,Poor
755,Student_755,2.3,62,73.5,C,Pass,55.809999999999995,Average
756,Student_756,8.1,80,60.6,D,Pass,55.919999999999995,Average
757,Student_757,6.6,90,83.8,B,Pass,70.22,Good
758,Student_758,5.8,60,79.1,C,Pass,58.709999999999994,Average
759,Student_759,9.0,53,90.7,A,Pass,63.05,Average
760,Student_760,8.1,83,81.5,B,Pass,67.27000000000001,Average
761,Student_761,2.4,87,65.8,D,Pass,59.48,Average
762,Student_762,3.8,95,80.4,B,Pass,69.46000000000001,Average
763,Student_763,3.2,53,56.5,E,Pass,44.79,Poor
764,Student_764,7.7,87,58.4,E,Pass,56.839999999999996,Average
765,Student_765,1.3,68,87.3,B,Pass,64.31,Average
766,Student_766,6.1,55,66.8,D,Pass,51.12,Average
767,Student_767,7.9,83,87.9,B,Pass,70.42999999999999,Good
768,Student_768,8.9,67,89.3,B,Pass,66.53,Average
769,Student_769,4.1,62,91.5,A,Pass,65.16999999999999,Average
770,Student_770,8.4,90,95.0,A,Pass,76.18,Good
771,Student_771,2.0,72,65.9,D,Pass,54.949999999999996,Average
772,Student_772,8.6,68,59.1,E,Pass,51.67,Average
773,Student_773,2.1,94,74.9,C,Pass,66.07000000000001,Average
774,Student_774,4.6,60,62.3,D,Pass,50.07,Average
775,Student_775,8.2,50,76.1,C,Pass,54.69,Average
776,Student_776,2.3,73,82.3,B,Pass,63.51,Average
777,Student_777,3.1,56,81.3,B,Pass,58.07,Average
778,Student_778,7.5,74,62.5,D,Pass,54.95,Average
779,Student_779,7.5,70,50.0,E,Pass,47.5,Poor
780,Student_780,6.8,64,65.8,D,Pass,53.459999999999994,Average
781,Student_781,7.2,50,48.6,E,Pass,40.739999999999995,Poor
782,Student_782,5.9,61,93.4,A,Pass,66.18,Average
783,Student_783,3.3,56,60.8,D,Pass,47.86,Poor
784,Student_784,4.1,64,49.3,E,Pass,44.669999999999995,Poor
785,Student_785,2.6,70,41.5,E,Pass,42.27,Poor
786,Student_786,9.2,68,78.7,C,Pass,61.59,Average
787,Student_787,6.3,78,78.2,C,Pass,63.76,Average
788,Student_788,4.6,74,60.4,D,Pass,53.32,Average
789,Student_789,5.2,82,44.3,E,Pass,47.79,Poor
790,Student_790,9.5,98,64.6,D,Pass,63.599999999999994,Average
791,Student_791,2.4,81,58.7,E,Pass,54.13,Average
792,Student_792,6.3,98,80.6,B,Pass,70.96,Good
793,Student_793,5.6,84,76.3,C,Pass,64.47,Average
794,Student_794,6.5,93,61.9,D,Pass,60.14999999999999,Average
795,Student_795,1.2,87,53.1,E,Pass,52.89,Average
796,Student_796,8.8,75,99.3,A,Pass,73.91000000000001,Good
797,Student_797,9.4,60,67.2,D,Pass,53.480000000000004,Average
798,Student_798,6.1,84,81.3,B,Pass,67.07,Average
799,Student_799,7.3,57,48.4,E,Pass,42.76,Poor
800,Student_800,9.3,95,69.1,D,Pass,64.91,Average
801,Student_801,7.4,63,41.7,E,Pass,41.23,Poor
802,Student_802,2.4,59,70.3,C,Pass,53.32999999999999,Average
803,Student_803,6.2,51,97.8,A,Pass,65.44,Average
804,Student_804,6.5,95,63.1,D,Pass,61.349999999999994,Average
805,Student_805,4.8,58,42.3,E,Pass,39.51,Poor
806,Student_806,7.6,52,41.9,E,Pass,38.07,Poor
807,Student_807,9.4,70,63.3,D,Pass,54.53,Average
808,Student_808,9.3,75,49.6,E,Pass,49.16,Poor
809,Student_809,5.1,57,41.4,E,Pass,38.82,Poor
810,Student_810,2.0,97,85.4,B,Pass,72.2,Good
811,Student_811,9.9,51,67.5,D,Pass,51.029999999999994,Average
812,Student_812,8.6,55,57.4,E,Pass,46.92,Poor
813,Student_813,2.1,77,94.0,A,Pass,70.52,Good
814,Student_814,9.3,78,47.0,E,Pass,48.76,Poor
815,Student_815,8.8,75,97.4,A,Pass,72.96000000000001,Good
816,Student_816,5.7,74,58.8,E,Pass,52.739999999999995,Average
817,Student_817,6.3,61,93.3,A,Pass,66.21000000000001,Average
818,Student_818,4.6,54,76.2,C,Pass,55.22,Average
819,Student_819,1.5,83,69.99137749737118,D,Pass,60.19568874868558,Average
820,Student_820,4.0,97,99.0,A,Pass,79.39999999999999,Good
821,Student_821,8.2,86,57.3,E,Pass,56.09,Average
822,Student_822,1.0,64,97.7,A,Pass,68.25,Average
823,Student_823,4.0,93,63.4,D,Pass,60.39999999999999,Average
824,Student_824,4.6,85,63.1,D,Pass,57.97,Average
825,Student_825,5.8,64,60.4,D,Pass,50.559999999999995,Average
826,Student_826,9.3,92,72.5,C,Pass,65.71,Average
827,Student_827,4.1,97,49.2,E,Pass,54.52,Average
828,Student_828,4.1,72,69.99137749737118,D,Pass,57.41568874868559,Average
829,Student_829,7.6,55,72.5,C,Pass,54.27,Average
830,Student_830,5.1,95,85.7,B,Pass,72.36999999999999,Good
831,Student_831,3.0,99,90.0,A,Pass,75.3,Good
832,Student_832,5.1,93,69.99137749737118,D,Pass,63.91568874868559,Average
833,Student_833,2.3,92,58.1,E,Pass,57.11,Average
834,Student_834,2.6,94,55.6,E,Pass,56.52,Average
835,Student_835,5.5,70,51.7,E,Pass,47.95,Poor
836,Student_836,4.8,72,43.5,E,Pass,44.309999999999995,Poor
837,Student_837,9.2,92,60.5,D,Pass,59.69,Average
838,Student_838,4.3,65,56.2,E,Pass,48.46,Poor
839,Student_839,6.2,96,98.0,A,Pass,79.03999999999999,Good
840,Student_840,6.7,64,73.5,C,Pass,57.290000000000006,Average
841,Student_841,1.1,74,60.8,D,Pass,52.81999999999999,Average
842,Student_842,7.0,85,74.8,C,Pass,64.3,Average
843,Student_843,2.6,60,48.4,E,Pass,42.720000000000006,Poor
844,Student_844,9.6,100,66.6,D,Pass,65.22,Average
845,Student_845,2.3,64,77.6,C,Pass,58.46,Average
846,Student_846,4.7,53,69.3,D,Pass,51.489999999999995,Average
847,Student_847,1.8,70,64.1,D,Pass,53.41,Average
848,Student_848,10.0,62,99.6,A,Pass,70.39999999999999,Good
849,Student_849,5.5,71,92.8,A,Pass,68.8,Average
850,Student_850,6.4,68,69.99137749737118,D,Pass,56.67568874868559,Average
851,Student_851,1.6,83,74.2,C,Pass,62.32,Average
852,Student_852,7.7,63,77.2,C,Pass,59.04,Average
853,Student_853,2.9,53,52.1,E,Pass,42.53,Poor
854,Student_854,9.1,97,63.7,D,Pass,62.77,Average
855,Student_855,2.8,95,42.4,E,Pass,50.260000000000005,Average
856,Student_856,2.7,76,68.5,D,Pass,57.589999999999996,Average
857,Student_857,1.3,78,72.6,C,Pass,59.959999999999994,Average
858,Student_858,5.2,96,53.7,E,Pass,56.69,Average
859,Student_859,6.1,77,97.8,A,Pass,73.22,Good
860,Student_860,1.6,84,94.6,A,Pass,72.82,Good
861,Student_861,8.0,57,83.3,B,Pass,60.35,Average
862,Student_862,5.1,65,72.0,C,Pass,56.52,Average
863,Student_863,5.7,91,92.2,A,Pass,74.54,Good
864,Student_864,5.0,85,47.8,E,Pass,50.4,Average
865,Student_865,4.6,79,87.4,B,Pass,68.32000000000001,Average
866,Student_866,6.0,67,47.5,E,Pass,45.05,Poor
867,Student_867,2.4,51,87.7,B,Pass,59.629999999999995,Average
868,Student_868,2.6,98,56.5,E,Pass,58.17,Average
869,Student_869,8.8,62,92.6,A,Pass,66.66,Average
870,Student_870,9.5,53,96.6,A,Pass,66.1,Average
871,Student_871,4.4,75,48.9,E,Pass,47.830000000000005,Poor
872,Student_872,3.4,74,67.8,D,Pass,56.779999999999994,Average
873,Student_873,6.8,79,98.9,A,Pass,74.51,Good
874,Student_874,4.7,60,69.0,D,Pass,53.44,Average
875,Student_875,1.2,56,91.8,A,Pass,62.940000000000005,Average
876,Student_876,2.4,80,69.99137749737118,D,Pass,59.475688748685585,Average
877,Student_877,7.4,93,62.5,D,Pass,60.629999999999995,Average
878,Student_878,6.9,59,57.1,E,Pass,47.63,Poor
879,Student_879,1.2,88,52.2,E,Pass,52.74,Average
880,Student_880,3.0,62,85.7,B,Pass,62.050000000000004,Average
881,Student_881,3.1,80,63.2,D,Pass,56.22,Average
882,Student_882,7.0,56,70.7,C,Pass,53.550000000000004,Average
883,Student_883,1.2,98,69.5,D,Pass,64.39,Average
884,Student_884,1.9,91,74.6,C,Pass,64.97999999999999,Average
885,Student_885,8.2,91,91.9,A,Pass,74.89,Good
886,Student_886,2.6,85,98.8,A,Pass,75.42,Good
887,Student_887,6.9,69,64.5,D,Pass,54.330000000000005,Average
888,Student_888,3.1,53,89.7,B,Pass,61.37,Average
889,Student_889,1.9,56,69.99137749737118,D,Pass,52.175688748685594,Average
890,Student_890,3.2,50,74.4,C,Pass,52.84,Average
891,Student_891,7.5,93,97.4,A,Pass,78.1,Good
892,Student_892,8.7,94,52.0,E,Pass,55.940000000000005,Average
893,Student_893,8.5,91,46.6,E,Pass,52.300000000000004,Average
894,Student_894,4.6,96,91.2,A,Pass,75.32000000000001,Good
895,Student_895,7.0,62,66.3,D,Pass,53.15,Average
896,Student_896,2.8,71,90.8,A,Pass,67.26,Average
897,Student_897,3.6,70,93.6,A,Pass,68.52,Average
898,Student_898,9.1,71,43.7,E,Pass,44.970000000000006,Poor
899,Student_899,1.1,77,93.0,A,Pass,69.82,Average
900,Student_900,1.8,58,66.9,D,Pass,51.21,Average
901,Student_901,2.9,75,70.6,C,Pass,58.379999999999995,Average
902,Student_902,1.2,58,77.6,C,Pass,56.44,Average
903,Student_903,2.6,64,95.6,A,Pass,67.52,Average
904,Student_904,6.2,59,41.1,E,Pass,39.49,Poor
905,Student_905,4.8,73,68.6,D,Pass,57.16,Average
906,Student_906,9.0,91,69.99137749737118,D,Pass,64.09568874868559,Average
907,Student_907,8.4,57,83.4,B,Pass,60.48,Average
908,Student_908,4.1,73,81.6,B,Pass,63.519999999999996,Average
909,Student_909,3.3,65,48.1,E,Pass,44.209999999999994,Poor
910,Student_910,4.4,98,58.0,E,Pass,59.28,Average
911,Student_911,6.3,75,69.99137749737118,D,Pass,58.755688748685586,Average
912,Student_912,3.4,76,88.3,B,Pass,67.63000000000001,Average
913,Student_913,6.6,86,56.7,E,Pass,55.470000000000006,Average
914,Student_914,4.7,53,52.6,E,Pass,43.14,Poor
915,Student_915,6.0,99,97.4,A,Pass,79.60000000000001,Good
916,Student_916,4.9,73,40.5,E,Pass,43.129999999999995,Poor
917,Student_917,3.7,68,69.99137749737118,D,Pass,56.13568874868559,Average
918,Student_918,9.5,85,80.6,B,Pass,67.7,Average
919,Student_919,7.9,88,89.7,B,Pass,72.83,Good
920,Student_920,2.3,59,57.7,E,Pass,47.01,Poor
921,Student_921,8.8,74,40.9,E,Pass,44.41,Poor
922,Student_922,5.4,67,84.3,B,Pass,63.33,Average
923,Student_923,9.1,68,69.99137749737118,D,Pass,57.21568874868559,Average
924,Student_924,8.2,85,84.4,B,Pass,69.34,Average
925,Student_925,4.8,59,69.99137749737118,D,Pass,53.655688748685584,Average
926,Student_926,1.2,82,85.2,B,Pass,67.44,Average
927,Student_927,3.4,99,86.1,B,Pass,73.43,Good
928,Student_928,5.9,54,79.5,C,Pass,57.13,Average
929,Student_929,6.7,96,69.99137749737118,D,Pass,65.13568874868558,Average
930,Student_930,3.3,98,90.8,A,Pass,75.46,Good
931,Student_931,2.3,84,76.8,C,Pass,64.05999999999999,Average
932,Student_932,8.5,93,45.3,E,Pass,52.25,Average
933,Student_933,9.9,83,69.3,D,Pass,61.529999999999994,Average
934,Student_934,5.7,82,44.7,E,Pass,48.09,Poor
935,Student_935,2.5,70,64.5,D,Pass,53.75,Average
936,Student_936,3.5,66,64.4,D,Pass,52.7,Average
937,Student_937,1.2,71,44.0,E,Pass,43.54,Poor
938,Student_938,9.2,97,60.9,D,Pass,61.39,Average
939,Student_939,2.1,86,46.7,E,Pass,49.57000000000001,Poor
940,Student_940,6.2,64,88.5,B,Pass,64.69,Average
941,Student_941,3.5,84,96.9,A,Pass,74.35000000000001,Good
942,Student_942,6.0,77,44.3,E,Pass,46.45,Poor
943,Student_943,6.9,56,97.3,A,Pass,66.83,Average
944,Student_944,8.5,81,71.4,C,Pass,61.7,Average
945,Student_945,2.9,60,58.0,E,Pass,47.58,Poor
946,Student_946,1.1,59,44.6,E,Pass,40.22,Poor
947,Student_947,2.2,58,70.0,C,Pass,52.839999999999996,Average
948,Student_948,9.1,63,87.7,B,Pass,64.57,Average
949,Student_949,8.9,62,82.4,B,Pass,61.58,Average
950,Student_950,6.4,74,43.0,E,Pass,44.980000000000004,Poor
951,Student_951,6.4,51,69.99137749737118,D,Pass,51.575688748685586,Average
952,Student_952,7.0,84,64.2,D,Pass,58.699999999999996,Average
953,Student_953,2.6,56,57.7,E,Pass,46.17000000000001,Poor
954,Student_954,9.2,70,53.9,E,Pass,49.790000000000006,Poor
955,Student_955,4.8,67,56.9,E,Pass,49.51,Poor
956,Student_956,4.4,52,88.2,B,Pass,60.580000000000005,Average
957,Student_957,5.7,91,95.8,A,Pass,76.34,Good
958,Student_958,1.4,88,64.3,D,Pass,58.83,Average
959,Student_959,2.5,90,94.4,A,Pass,74.7,Good
960,Student_960,7.6,98,59.3,E,Pass,60.57,Average
961,Student_961,1.7,60,68.6,D,Pass,52.64,Average
962,Student_962,6.4,88,53.6,E,Pass,54.480000000000004,Average
963,Student_963,3.2,73,78.4,C,Pass,61.74,Average
964,Student_964,4.5,95,98.7,A,Pass,78.75,Good
965,Student_965,3.6,68,76.2,C,Pass,59.22,Average
966,Student_966,4.2,53,61.5,D,Pass,47.49,Poor
967,Student_967,7.5,75,78.9,C,Pass,63.45,Average
968,Student_968,3.7,87,47.4,E,Pass,50.54,Average
969,Student_969,6.1,91,93.3,A,Pass,75.17,Good
970,Student_970,5.3,81,70.2,C,Pass,60.46000000000001,Average
971,Student_971,7.0,88,67.0,D,Pass,61.3,Average
972,Student_972,9.4,94,69.99137749737118,D,Pass,65.07568874868558,Average
973,Student_973,7.6,95,77.5,C,Pass,68.77,Average
974,Student_974,2.9,85,44.3,E,Pass,48.23,Poor
975,Student_975,1.3,89,81.0,B,Pass,67.46000000000001,Average
976,Student_976,3.4,86,54.5,E,Pass,53.73,Average
977,Student_977,6.4,82,82.8,B,Pass,67.28,Average
978,Student_978,1.5,85,89.4,B,Pass,70.5,Good
979,Student_979,5.5,52,88.2,B,Pass,60.800000000000004,Average
980,Student_980,6.4,58,73.2,C,Pass,55.28,Average
981,Student_981,4.0,57,71.2,C,Pass,53.5,Average
982,Student_982,7.9,82,48.6,E,Pass,50.48,Average
983,Student_983,2.0,55,86.5,B,Pass,60.15,Average
984,Student_984,1.7,90,56.3,E,Pass,55.49,Average
985,Student_985,7.6,88,69.8,D,Pass,62.82,Average
986,Student_986,5.5,53,57.1,E,Pass,45.550000000000004,Poor
987,Student_987,7.2,62,69.99137749737118,D,Pass,55.03568874868559,Average
988,Student_988,4.9,98,77.8,C,Pass,69.28,Average
989,Student_989,3.2,51,43.3,E,Pass,37.589999999999996,Poor
990,Student_990,8.4,54,84.9,B,Pass,60.330000000000005,Average
991,Student_991,8.2,93,59.1,E,Pass,59.09,Average
992,Student_992,7.3,76,40.0,E,Pass,44.26,Poor
993,Student_993,3.4,81,70.7,C,Pass,60.330000000000005,Average
994,Student_994,6.3,70,42.8,E,Pass,43.66,Poor
995,Student_995,4.2,57,56.6,E,Pass,46.24,Poor
996,Student_996,1.8,87,82.4,B,Pass,67.66,Average
997,Student_997,9.3,57,43.8,E,Pass,40.86,Poor
998,Student_998,2.2,99,90.4,A,Pass,75.34,Good
999,Student_999,9.6,52,40.2,E,Pass,37.620000000000005,Poor
1000,Student_1000,5.0,93,54.8,E,Pass,56.3,Average
